host30-1001.use1.staging.internal.example.com,1
host23-1001.use1.staging.internal.example.com,4
host10-1001.use1.staging.internal.example.com,2
host45-1001.use1.staging.internal.example.com,4
host18-1001.use1.staging.internal.example.com,3
host14-1001.use1.staging.internal.example.com,8
host33-1001.use1.staging.internal.example.com,2
host18-1001.use1.qa.internal.example.com,4
host14-1001.use1.qa.internal.example.com,2
host25-1001.use1.qa.internal.example.com,5
host16-1001.use1.uat.internal.example.com,1
host10-1001.use1.uat.internal.example.com,4
host34-1001.use1.uat.internal.example.com,4
host45-1001.use1.uat.internal.example.com,8
host15-1001.use1.uat.internal.example.com,2
host11-1001.use1.prod.internal.example.com,1
host49-1001.use1.prod.internal.example.com,6
host34-1001.use1.prod.internal.example.com,4
host47-1001.use1.prod.internal.example.com,5
host15-1001.use1.prod.internal.example.com,1
host19-1001.use1.prod.internal.example.com,9
host25-1001.use1.prod.internal.example.com,4
host23-1001.use1.prod.internal.example.com,9
host41-1001.use1.prod.internal.example.com,8
host13-1001.use1.prod.internal.example.com,3
host22-1001.use1.prod.internal.example.com,6
host38-1001.use1.prod.internal.example.com,3
host39-1001.use1.prod.internal.example.com,4
host41-1001.use1.prod.internal.example.com,5
host43-1001.use1.prod.internal.example.com,3
host20-1001.use2.staging.internal.example.com,5
host32-1001.use2.staging.internal.example.com,4
host13-1001.use2.staging.internal.example.com,2
host50-1001.use2.staging.internal.example.com,4
host15-1001.use2.staging.internal.example.com,4
host10-1001.use2.qa.internal.example.com,5
host32-1001.use2.qa.internal.example.com,3
host19-1001.use2.uat.internal.example.com,1
host18-1001.use2.uat.internal.example.com,3
host31-1001.use2.prod.internal.example.com,4
host19-1001.use2.prod.internal.example.com,6
host23-1001.use2.prod.internal.example.com,7
host17-1001.use2.prod.internal.example.com,5
host45-1001.use2.prod.internal.example.com,1
host32-1001.use2.prod.internal.example.com,9
host28-1001.use2.prod.internal.example.com,3
host24-1001.use2.prod.internal.example.com,8
host35-1001.use2.prod.internal.example.com,9
host43-1001.use2.prod.internal.example.com,3
host16-1001.use2.prod.internal.example.com,6
host11-1001.euc1.staging.internal.example.com,1
host32-1001.euc1.staging.internal.example.com,4
host26-1001.euc1.staging.internal.example.com,1
host15-1001.euc1.staging.internal.example.com,4
host32-1001.euc1.qa.internal.example.com,1
host33-1001.euc1.qa.internal.example.com,4
host13-1001.euc1.qa.internal.example.com,1
host15-1001.euc1.qa.internal.example.com,4
host36-1001.euc1.uat.internal.example.com,2
host50-1001.euc1.uat.internal.example.com,4
host13-1001.euc1.prod.internal.example.com,1
host11-1001.euc1.prod.internal.example.com,4
host27-1001.euc1.prod.internal.example.com,7
host47-1001.euc1.prod.internal.example.com,5
host23-1001.euc1.prod.internal.example.com,1
host34-1001.euc1.prod.internal.example.com,9
